Antenna_Pair,S_Parameter,Min_Isolation_dB,Avg_Isolation_dB,Worst_Freq_GHz
1-2,S21,19.191671652297938,23.714089231351114,2.399
1-3,S31,21.476519185649234,26.202415487307913,2.391
2-3,S32,17.17420019978904,21.778036173641592,2.406
