Input_Port,Output_Port,S_Parameter,Magnitude_dB,Frequency_GHz
Port 1,Port 1,S11,-8.438491472078473,2.4
Port 2,Port 1,S12,-19.244422526190434,2.4
Port 3,Port 1,S13,-23.224362565610598,2.4
Port 1,Port 2,S21,-20.006044465237135,2.4
Port 2,Port 2,S22,-0.6261967213379704,2.4
Port 3,Port 2,S23,-17.87998379157768,2.4
Port 1,Port 3,S31,-22.05533102553617,2.4
Port 2,Port 3,S32,-18.272180629730688,2.4
Port 3,Port 3,S33,-10.009497269494238,2.4
