Antenna,VSWR_Min,VSWR_Max,VSWR_Center
Antenna 1,-105.92870370195871,402.25753978353606,2.218063980185732
Antenna 2,-464.2529305858614,336.4955213806715,27.753742805678133
Antenna 3,-209.4357923784036,106.65372905897469,1.9234730666845756
